{"assets/fonts/Roboto-Black.ttf":["assets/fonts/Roboto-Black.ttf"],"assets/fonts/Roboto-BlackItalic.ttf":["assets/fonts/Roboto-BlackItalic.ttf"],"assets/fonts/Roboto-Bold.ttf":["assets/fonts/Roboto-Bold.ttf"],"assets/fonts/Roboto-BoldItalic.ttf":["assets/fonts/Roboto-BoldItalic.ttf"],"assets/fonts/Roboto-Italic.ttf":["assets/fonts/Roboto-Italic.ttf"],"assets/fonts/Roboto-Light.ttf":["assets/fonts/Roboto-Light.ttf"],"assets/fonts/Roboto-LightItalic.ttf":["assets/fonts/Roboto-LightItalic.ttf"],"assets/fonts/Roboto-Medium.ttf":["assets/fonts/Roboto-Medium.ttf"],"assets/fonts/Roboto-MediumItalic.ttf":["assets/fonts/Roboto-MediumItalic.ttf"],"assets/fonts/Roboto-Regular.ttf":["assets/fonts/Roboto-Regular.ttf"],"assets/fonts/Roboto-Thin.ttf":["assets/fonts/Roboto-Thin.ttf"],"assets/fonts/Roboto-ThinItalic.ttf":["assets/fonts/Roboto-ThinItalic.ttf"],"assets/images/.DS_Store":["assets/images/.DS_Store"],"assets/images/carousal1.jpg":["assets/images/carousal1.jpg"],"assets/images/carousal3.jpg":["assets/images/carousal3.jpg"],"assets/images/carousal4.webp":["assets/images/carousal4.webp"],"assets/images/carousal5.jpg.webp":["assets/images/carousal5.jpg.webp"],"assets/images/carousal6.jpg":["assets/images/carousal6.jpg"],"assets/images/carousal7.jpg":["assets/images/carousal7.jpg"],"assets/images/footer_bg.png":["assets/images/footer_bg.png"],"assets/images/founder.jpeg":["assets/images/founder.jpeg"],"assets/images/image1.jpeg.webp":["assets/images/image1.jpeg.webp"],"assets/images/image2.webp":["assets/images/image2.webp"],"assets/images/image3.webp":["assets/images/image3.webp"],"assets/images/image4.webp":["assets/images/image4.webp"],"assets/images/image5.webp":["assets/images/image5.webp"],"assets/images/image6.webp":["assets/images/image6.webp"],"assets/images/image7.webp":["assets/images/image7.webp"],"assets/images/image8.webp":["assets/images/image8.webp"],"assets/images/image9.webp":["assets/images/image9.webp"],"assets/images/logo.jpeg":["assets/images/logo.jpeg"],"assets/images/turkey1.png":["assets/images/turkey1.png"],"assets/images/turkey2.png":["assets/images/turkey2.png"],"assets/images/turkey3.png":["assets/images/turkey3.png"],"assets/images/turkey4.png":["assets/images/turkey4.png"]}